{
"avg_pool_3_64_1_64x50":0.017854,
"avg_pool_3_64_2_64x50":0.012932,
"avg_pool_3_128_1_128x50":0.037991,
"avg_pool_3_128_1_128x25":0.022194,
"avg_pool_3_128_2_128x50":0.022609,
"avg_pool_3_256_1_256x25":0.038372,
"avg_pool_5_64_1_64x50":0.019027,
"avg_pool_5_64_2_64x50":0.014418,
"avg_pool_5_128_1_128x50":0.039904,
"avg_pool_5_128_1_128x25":0.028736,
"avg_pool_5_128_2_128x50":0.028804,
"avg_pool_5_256_1_256x25":0.048536,
"max_pool_3_64_1_64x50":0.026767,
"max_pool_3_64_2_64x50":0.017554,
"max_pool_3_128_1_128x50":0.039004,
"max_pool_3_128_1_128x25":0.026349,
"max_pool_3_128_2_128x50":0.027743,
"max_pool_3_256_1_256x25":0.041503,
"max_pool_5_64_1_64x50":0.021101,
"max_pool_5_64_2_64x50":0.009945,
"max_pool_5_128_1_128x50":0.045283,
"max_pool_5_128_1_128x25":0.024749,
"max_pool_5_128_2_128x50":0.028888,
"max_pool_5_256_1_256x25":0.045592,
"lp_pool_3_64_1_64x50":0.118141,
"lp_pool_3_64_2_64x50":0.077908,
"lp_pool_3_128_1_128x50":0.206252,
"lp_pool_3_128_1_128x25":0.121888,
"lp_pool_3_128_2_128x50":0.117575,
"lp_pool_3_256_1_256x25":0.215843,
"lp_pool_5_64_1_64x50":0.121813,
"lp_pool_5_64_2_64x50":0.084603,
"lp_pool_5_128_1_128x50":0.203043,
"lp_pool_5_128_1_128x25":0.123085,
"lp_pool_5_128_2_128x50":0.127103,
"lp_pool_5_256_1_256x25":0.210037,
"skip_connect_64_1_64x50":0.000000,
"skip_connect_64_2_64x50":0.000000,
"skip_connect_128_1_128x50":0.000000,
"skip_connect_128_1_128x25":0.000000,
"skip_connect_128_2_128x50":0.000000,
"skip_connect_256_1_256x25":0.000000,
"g_conv_3_RELU_64_1_64x50":0.026487,
"g_conv_3_RELU_64_2_64x50":0.015079,
"g_conv_3_RELU_128_1_128x50":0.034252,
"g_conv_3_RELU_128_1_128x25":0.025565,
"g_conv_3_RELU_128_2_128x50":0.019820,
"g_conv_3_RELU_256_1_256x25":0.033686,
"g_conv_3_ELU_64_1_64x50":0.044845,
"g_conv_3_ELU_64_2_64x50":0.031208,
"g_conv_3_ELU_128_1_128x50":0.063355,
"g_conv_3_ELU_128_1_128x25":0.039231,
"g_conv_3_ELU_128_2_128x50":0.051901,
"g_conv_3_ELU_256_1_256x25":0.066764,
"g_conv_3_LeakyReLU_64_1_64x50":0.020620,
"g_conv_3_LeakyReLU_64_2_64x50":0.019603,
"g_conv_3_LeakyReLU_128_1_128x50":0.029655,
"g_conv_3_LeakyReLU_128_1_128x25":0.018610,
"g_conv_3_LeakyReLU_128_2_128x50":0.023629,
"g_conv_3_LeakyReLU_256_1_256x25":0.029433,
"g_conv_5_RELU_64_1_64x50":0.021419,
"g_conv_5_RELU_64_2_64x50":0.015383,
"g_conv_5_RELU_128_1_128x50":0.034840,
"g_conv_5_RELU_128_1_128x25":0.023961,
"g_conv_5_RELU_128_2_128x50":0.029566,
"g_conv_5_RELU_256_1_256x25":0.046323,
"g_conv_5_ELU_64_1_64x50":0.043579,
"g_conv_5_ELU_64_2_64x50":0.043617,
"g_conv_5_ELU_128_1_128x50":0.076789,
"g_conv_5_ELU_128_1_128x25":0.051649,
"g_conv_5_ELU_128_2_128x50":0.060539,
"g_conv_5_ELU_256_1_256x25":0.073691,
"g_conv_5_LeakyReLU_64_1_64x50":0.028426,
"g_conv_5_LeakyReLU_64_2_64x50":0.019174,
"g_conv_5_LeakyReLU_128_1_128x50":0.031783,
"g_conv_5_LeakyReLU_128_1_128x25":0.047962,
"g_conv_5_LeakyReLU_128_2_128x50":0.035777,
"g_conv_5_LeakyReLU_256_1_256x25":0.052488,
"dilg_conv_3_RELU_64_1_64x50":0.023690,
"dilg_conv_3_RELU_64_2_64x50":0.019779,
"dilg_conv_3_RELU_128_1_128x50":0.030334,
"dilg_conv_3_RELU_128_1_128x25":0.028423,
"dilg_conv_3_RELU_128_2_128x50":0.028975,
"dilg_conv_3_RELU_256_1_256x25":0.027588,
"dilg_conv_3_ELU_64_1_64x50":0.043491,
"dilg_conv_3_ELU_64_2_64x50":0.040812,
"dilg_conv_3_ELU_128_1_128x50":0.069971,
"dilg_conv_3_ELU_128_1_128x25":0.042191,
"dilg_conv_3_ELU_128_2_128x50":0.062930,
"dilg_conv_3_ELU_256_1_256x25":0.067880,
"dilg_conv_3_LeakyReLU_64_1_64x50":0.022159,
"dilg_conv_3_LeakyReLU_64_2_64x50":0.017812,
"dilg_conv_3_LeakyReLU_128_1_128x50":0.028573,
"dilg_conv_3_LeakyReLU_128_1_128x25":0.019684,
"dilg_conv_3_LeakyReLU_128_2_128x50":0.024167,
"dilg_conv_3_LeakyReLU_256_1_256x25":0.032069,
"dilg_conv_5_RELU_64_1_64x50":0.019914,
"dilg_conv_5_RELU_64_2_64x50":0.011759,
"dilg_conv_5_RELU_128_1_128x50":0.039527,
"dilg_conv_5_RELU_128_1_128x25":0.021269,
"dilg_conv_5_RELU_128_2_128x50":0.026299,
"dilg_conv_5_RELU_256_1_256x25":0.038328,
"dilg_conv_5_ELU_64_1_64x50":0.050755,
"dilg_conv_5_ELU_64_2_64x50":0.041764,
"dilg_conv_5_ELU_128_1_128x50":0.072780,
"dilg_conv_5_ELU_128_1_128x25":0.055910,
"dilg_conv_5_ELU_128_2_128x50":0.066700,
"dilg_conv_5_ELU_256_1_256x25":0.080041,
"dilg_conv_5_LeakyReLU_64_1_64x50":0.021571,
"dilg_conv_5_LeakyReLU_64_2_64x50":0.019765,
"dilg_conv_5_LeakyReLU_128_1_128x50":0.034099,
"dilg_conv_5_LeakyReLU_128_1_128x25":0.029334,
"dilg_conv_5_LeakyReLU_128_2_128x50":0.030183,
"dilg_conv_5_LeakyReLU_256_1_256x25":0.047169,
"conv_3_RELU_64_1_64x50":0.100548,
"conv_3_RELU_64_2_64x50":0.094123,
"conv_3_RELU_128_1_128x50":0.331100,
"conv_3_RELU_128_1_128x25":0.175951,
"conv_3_RELU_128_2_128x50":0.330622,
"conv_3_RELU_256_1_256x25":0.656717,
"conv_3_ELU_64_1_64x50":0.125808,
"conv_3_ELU_64_2_64x50":0.121284,
"conv_3_ELU_128_1_128x50":0.383585,
"conv_3_ELU_128_1_128x25":0.203778,
"conv_3_ELU_128_2_128x50":0.388230,
"conv_3_ELU_256_1_256x25":0.741317,
"conv_3_LeakyReLU_64_1_64x50":0.102638,
"conv_3_LeakyReLU_64_2_64x50":0.093720,
"conv_3_LeakyReLU_128_1_128x50":0.350918,
"conv_3_LeakyReLU_128_1_128x25":0.190658,
"conv_3_LeakyReLU_128_2_128x50":0.375318,
"conv_3_LeakyReLU_256_1_256x25":0.690044,
"conv_5_RELU_64_1_64x50":0.150151,
"conv_5_RELU_64_2_64x50":0.153409,
"conv_5_RELU_128_1_128x50":0.549679,
"conv_5_RELU_128_1_128x25":0.286325,
"conv_5_RELU_128_2_128x50":0.545711,
"conv_5_RELU_256_1_256x25":1.072590,
"conv_5_ELU_64_1_64x50":0.169137,
"conv_5_ELU_64_2_64x50":0.175887,
"conv_5_ELU_128_1_128x50":0.593905,
"conv_5_ELU_128_1_128x25":0.310125,
"conv_5_ELU_128_2_128x50":0.586973,
"conv_5_ELU_256_1_256x25":1.115724,
"conv_5_LeakyReLU_64_1_64x50":0.147904,
"conv_5_LeakyReLU_64_2_64x50":0.148668,
"conv_5_LeakyReLU_128_1_128x50":0.552291,
"conv_5_LeakyReLU_128_1_128x25":0.286092,
"conv_5_LeakyReLU_128_2_128x50":0.547145,
"conv_5_LeakyReLU_256_1_256x25":1.112730,
"ReLUConvBN_192_64_192x50":0.104396,
"FactorizedReduce_192_64_192x50":0.082404,
"ReLUConvBN_192_64_192x25":0.055387,
"ReLUConvBN_192_128_192x50":0.187422,
"FactorizedReduce_192_128_192x50":0.117058,
"ReLUConvBN_192_128_192x25":0.094475,
"ReLUConvBN_256_64_256x50":0.133182,
"FactorizedReduce_256_64_256x50":0.098243,
"ReLUConvBN_256_64_256x25":0.071706,
"ReLUConvBN_256_128_256x50":0.237086,
"FactorizedReduce_256_128_256x50":0.153478,
"ReLUConvBN_256_128_256x25":0.123027,
"ReLUConvBN_256_256_256x50":0.464296,
"FactorizedReduce_256_256_256x50":0.257011,
"ReLUConvBN_256_256_256x25":0.240023,
"ReLUConvBN_512_128_512x50":0.463836,
"FactorizedReduce_512_128_512x50":0.296442,
"ReLUConvBN_512_128_512x25":0.249343,
"ReLUConvBN_512_256_512x50":0.932765,
"FactorizedReduce_512_256_512x50":0.512316,
"ReLUConvBN_512_256_512x25":0.436387,
"ReLUConvBN_1024_256_1024x50":1.833070,
"FactorizedReduce_1024_256_1024x50":1.031885,
"ReLUConvBN_1024_256_1024x25":0.906338,
"AdaptiveAvgPool1d_and_Linear_256x50_6":0.021902,
"AdaptiveAvgPool1d_and_Linear_512x25_6":0.029899,
"embedding_and_stem_50_64_64":0.268469,
"stem_50_64":0.024383
}