{
"avg_pool_3_64_1_64x50":0.024902,
"avg_pool_3_64_2_64x50":0.018799,
"avg_pool_3_128_1_128x50":0.049805,
"avg_pool_3_128_1_128x25":0.025391,
"avg_pool_3_128_2_128x50":0.037598,
"avg_pool_3_256_1_256x25":0.050781,
"avg_pool_5_64_1_64x50":0.024902,
"avg_pool_5_64_2_64x50":0.018799,
"avg_pool_5_128_1_128x50":0.049805,
"avg_pool_5_128_1_128x25":0.025391,
"avg_pool_5_128_2_128x50":0.037598,
"avg_pool_5_256_1_256x25":0.050781,
"max_pool_3_64_1_64x50":0.024902,
"max_pool_3_64_2_64x50":0.018799,
"max_pool_3_128_1_128x50":0.049805,
"max_pool_3_128_1_128x25":0.025391,
"max_pool_3_128_2_128x50":0.037598,
"max_pool_3_256_1_256x25":0.050781,
"max_pool_5_64_1_64x50":0.024902,
"max_pool_5_64_2_64x50":0.018799,
"max_pool_5_128_1_128x50":0.049805,
"max_pool_5_128_1_128x25":0.025391,
"max_pool_5_128_2_128x50":0.037598,
"max_pool_5_256_1_256x25":0.050781,
"lp_pool_3_64_1_64x50":0.038139,
"lp_pool_3_64_2_64x50":0.038139,
"lp_pool_3_128_1_128x50":0.076225,
"lp_pool_3_128_1_128x25":0.039604,
"lp_pool_3_128_2_128x50":0.076225,
"lp_pool_3_256_1_256x25":0.079155,
"lp_pool_5_64_1_64x50":0.039116,
"lp_pool_5_64_2_64x50":0.039116,
"lp_pool_5_128_1_128x50":0.078178,
"lp_pool_5_128_1_128x25":0.041557,
"lp_pool_5_128_2_128x50":0.078178,
"lp_pool_5_256_1_256x25":0.083061,
"skip_connect_64_1_64x50":0.000000,
"skip_connect_64_2_64x50":0.000000,
"skip_connect_128_1_128x50":0.000000,
"skip_connect_128_1_128x25":0.000000,
"skip_connect_128_2_128x50":0.000000,
"skip_connect_256_1_256x25":0.000000,
"g_conv_3_RELU_64_1_64x50":0.025391,
"g_conv_3_RELU_64_2_64x50":0.025391,
"g_conv_3_RELU_128_1_128x50":0.050781,
"g_conv_3_RELU_128_1_128x25":0.026367,
"g_conv_3_RELU_128_2_128x50":0.050781,
"g_conv_3_RELU_256_1_256x25":0.052734,
"g_conv_3_ELU_64_1_64x50":0.110851,
"g_conv_3_ELU_64_2_64x50":0.098644,
"g_conv_3_ELU_128_1_128x50":0.221691,
"g_conv_3_ELU_128_1_128x25":0.111828,
"g_conv_3_ELU_128_2_128x50":0.197277,
"g_conv_3_ELU_256_1_256x25":0.223644,
"g_conv_3_LeakyReLU_64_1_64x50":0.025391,
"g_conv_3_LeakyReLU_64_2_64x50":0.025391,
"g_conv_3_LeakyReLU_128_1_128x50":0.050781,
"g_conv_3_LeakyReLU_128_1_128x25":0.026367,
"g_conv_3_LeakyReLU_128_2_128x50":0.050781,
"g_conv_3_LeakyReLU_256_1_256x25":0.052734,
"g_conv_5_RELU_64_1_64x50":0.025879,
"g_conv_5_RELU_64_2_64x50":0.025879,
"g_conv_5_RELU_128_1_128x50":0.051758,
"g_conv_5_RELU_128_1_128x25":0.027344,
"g_conv_5_RELU_128_2_128x50":0.051758,
"g_conv_5_RELU_256_1_256x25":0.054688,
"g_conv_5_ELU_64_1_64x50":0.111340,
"g_conv_5_ELU_64_2_64x50":0.099133,
"g_conv_5_ELU_128_1_128x50":0.222668,
"g_conv_5_ELU_128_1_128x25":0.112804,
"g_conv_5_ELU_128_2_128x50":0.198254,
"g_conv_5_ELU_256_1_256x25":0.225597,
"g_conv_5_LeakyReLU_64_1_64x50":0.025879,
"g_conv_5_LeakyReLU_64_2_64x50":0.025879,
"g_conv_5_LeakyReLU_128_1_128x50":0.051758,
"g_conv_5_LeakyReLU_128_1_128x25":0.027344,
"g_conv_5_LeakyReLU_128_2_128x50":0.051758,
"g_conv_5_LeakyReLU_256_1_256x25":0.054688,
"dilg_conv_3_RELU_64_1_64x50":0.025391,
"dilg_conv_3_RELU_64_2_64x50":0.025391,
"dilg_conv_3_RELU_128_1_128x50":0.050781,
"dilg_conv_3_RELU_128_1_128x25":0.026367,
"dilg_conv_3_RELU_128_2_128x50":0.050781,
"dilg_conv_3_RELU_256_1_256x25":0.052734,
"dilg_conv_3_ELU_64_1_64x50":0.110851,
"dilg_conv_3_ELU_64_2_64x50":0.098644,
"dilg_conv_3_ELU_128_1_128x50":0.221691,
"dilg_conv_3_ELU_128_1_128x25":0.111828,
"dilg_conv_3_ELU_128_2_128x50":0.197277,
"dilg_conv_3_ELU_256_1_256x25":0.223644,
"dilg_conv_3_LeakyReLU_64_1_64x50":0.025391,
"dilg_conv_3_LeakyReLU_64_2_64x50":0.025391,
"dilg_conv_3_LeakyReLU_128_1_128x50":0.050781,
"dilg_conv_3_LeakyReLU_128_1_128x25":0.026367,
"dilg_conv_3_LeakyReLU_128_2_128x50":0.050781,
"dilg_conv_3_LeakyReLU_256_1_256x25":0.052734,
"dilg_conv_5_RELU_64_1_64x50":0.025879,
"dilg_conv_5_RELU_64_2_64x50":0.025879,
"dilg_conv_5_RELU_128_1_128x50":0.051758,
"dilg_conv_5_RELU_128_1_128x25":0.027344,
"dilg_conv_5_RELU_128_2_128x50":0.051758,
"dilg_conv_5_RELU_256_1_256x25":0.054688,
"dilg_conv_5_ELU_64_1_64x50":0.111340,
"dilg_conv_5_ELU_64_2_64x50":0.099133,
"dilg_conv_5_ELU_128_1_128x50":0.222668,
"dilg_conv_5_ELU_128_1_128x25":0.112804,
"dilg_conv_5_ELU_128_2_128x50":0.198254,
"dilg_conv_5_ELU_256_1_256x25":0.225597,
"dilg_conv_5_LeakyReLU_64_1_64x50":0.025879,
"dilg_conv_5_LeakyReLU_64_2_64x50":0.025879,
"dilg_conv_5_LeakyReLU_128_1_128x50":0.051758,
"dilg_conv_5_LeakyReLU_128_1_128x25":0.027344,
"dilg_conv_5_LeakyReLU_128_2_128x50":0.051758,
"dilg_conv_5_LeakyReLU_256_1_256x25":0.054688,
"conv_3_RELU_64_1_64x50":0.118408,
"conv_3_RELU_64_2_64x50":0.118408,
"conv_3_RELU_128_1_128x50":0.424316,
"conv_3_RELU_128_1_128x25":0.399902,
"conv_3_RELU_128_2_128x50":0.424316,
"conv_3_RELU_256_1_256x25":1.549805,
"conv_3_ELU_64_1_64x50":0.191662,
"conv_3_ELU_64_2_64x50":0.191662,
"conv_3_ELU_128_1_128x50":0.570812,
"conv_3_ELU_128_1_128x25":0.473156,
"conv_3_ELU_128_2_128x50":0.570812,
"conv_3_ELU_256_1_256x25":1.696301,
"conv_3_LeakyReLU_64_1_64x50":0.118408,
"conv_3_LeakyReLU_64_2_64x50":0.118408,
"conv_3_LeakyReLU_128_1_128x50":0.424316,
"conv_3_LeakyReLU_128_1_128x25":0.399902,
"conv_3_LeakyReLU_128_2_128x50":0.424316,
"conv_3_LeakyReLU_256_1_256x25":1.549805,
"conv_5_RELU_64_1_64x50":0.180908,
"conv_5_RELU_64_2_64x50":0.180908,
"conv_5_RELU_128_1_128x50":0.674316,
"conv_5_RELU_128_1_128x25":0.649902,
"conv_5_RELU_128_2_128x50":0.674316,
"conv_5_RELU_256_1_256x25":2.549805,
"conv_5_ELU_64_1_64x50":0.254162,
"conv_5_ELU_64_2_64x50":0.254162,
"conv_5_ELU_128_1_128x50":0.820812,
"conv_5_ELU_128_1_128x25":0.723156,
"conv_5_ELU_128_2_128x50":0.820812,
"conv_5_ELU_256_1_256x25":2.696301,
"conv_5_LeakyReLU_64_1_64x50":0.180908,
"conv_5_LeakyReLU_64_2_64x50":0.180908,
"conv_5_LeakyReLU_128_1_128x50":0.674316,
"conv_5_LeakyReLU_128_1_128x25":0.649902,
"conv_5_LeakyReLU_128_2_128x50":0.674316,
"conv_5_LeakyReLU_256_1_256x25":2.549805,
"ReLUConvBN_192_64_192x50":0.120361,
"FactorizedReduce_192_64_192x50":0.179855,
"ReLUConvBN_192_64_192x25":0.101318,
"ReLUConvBN_192_128_192x50":0.185059,
"FactorizedReduce_192_128_192x50":0.250290,
"ReLUConvBN_192_128_192x25":0.148438,
"ReLUConvBN_256_64_256x50":0.160400,
"FactorizedReduce_256_64_256x50":0.239670,
"ReLUConvBN_256_64_256x25":0.135010,
"ReLUConvBN_256_128_256x50":0.223145,
"FactorizedReduce_256_128_256x50":0.333542,
"ReLUConvBN_256_128_256x25":0.197754,
"ReLUConvBN_256_256_256x50":0.372070,
"FactorizedReduce_256_256_256x50":0.473434,
"ReLUConvBN_256_256_256x25":0.323242,
"ReLUConvBN_512_128_512x50":0.445801,
"FactorizedReduce_512_128_512x50":0.666550,
"ReLUConvBN_512_128_512x25":0.395020,
"ReLUConvBN_512_256_512x50":0.696289,
"FactorizedReduce_512_256_512x50":0.946091,
"ReLUConvBN_512_256_512x25":0.645508,
"ReLUConvBN_1024_256_1024x50":1.391602,
"FactorizedReduce_1024_256_1024x50":1.891403,
"ReLUConvBN_1024_256_1024x25":1.290039,
"AdaptiveAvgPool1d_and_Linear_256x50_6":0.057747,
"AdaptiveAvgPool1d_and_Linear_512x25_6":0.066536,
"embedding_and_stem_50_64_64":0.392235,
"stem_50_64":0.079224
}